ZIPファイル名,出力年月日・時刻,地番区域,地番,地番区域（筆界未定地構成地番）,地番（筆界未定地構成地番）
07309-3800-1.zip,202502070959,伊達郡飯野町,地区外-9556569,,
07309-3800-1.zip,202502070959,伊達郡飯野町,地区外-9556684,,
07309-3800-1.zip,202502070959,伊達郡飯野町,地区外-9556685,,
07309-3800-1.zip,202502070959,伊達郡飯野町,地区外-9556570,,
07309-3800-1.zip,202502070959,伊達郡飯野町,地区外-9556686,,
07309-3800-1.zip,202502070959,伊達郡飯野町,地区外-9556687,,
07309-3800-1.zip,202502070959,伊達郡飯野町,地区外-9556688,,
07309-3800-1.zip,202502070959,伊達郡飯野町,地区外-9556689,,
07309-3800-1.zip,202502070959,伊達郡飯野町,地区外-9556690,,
07309-3800-1.zip,202502070959,伊達郡飯野町,地区外-9556691,,
07309-3800-1.zip,202502070959,伊達郡飯野町,地区外-9556692,,
07309-3800-1.zip,202502070959,伊達郡飯野町,地区外-9556693,,
07309-3800-1.zip,202502070959,伊達郡飯野町,地区外-9556571,,
07309-3800-1.zip,202502070959,伊達郡飯野町,地区外-9556694,,
07309-3800-1.zip,202502070959,伊達郡飯野町,地区外-9556695,,
07309-3800-1.zip,202502070959,伊達郡飯野町,地区外-9556696,,
07309-3800-1.zip,202502070959,伊達郡飯野町,地区外-9556697,,
07309-3800-1.zip,202502070959,伊達郡飯野町,地区外-9556698,,
07309-3800-1.zip,202502070959,伊達郡飯野町,地区外-9556699,,
07309-3800-1.zip,202502070959,伊達郡飯野町,地区外-9556700,,
07309-3800-1.zip,202502070959,伊達郡飯野町,地区外-9556701,,
07309-3800-1.zip,202502070959,伊達郡飯野町,地区外-9556702,,
07309-3800-1.zip,202502070959,伊達郡飯野町,地区外-9556703,,
07309-3800-1.zip,202502070959,伊達郡飯野町,地区外-9556704,,
07309-3800-1.zip,202502070959,伊達郡飯野町,地区外-9556572,,
07309-3800-1.zip,202502070959,伊達郡飯野町,地区外-9556705,,
07309-3800-1.zip,202502070959,伊達郡飯野町,地区外-9556706,,
07309-3800-1.zip,202502070959,伊達郡飯野町,地区外-9556573,,
07309-3800-1.zip,202502070959,伊達郡飯野町,地区外-9556707,,
07309-3800-1.zip,202502070959,伊達郡飯野町,地区外-9556708,,
07309-3800-1.zip,202502070959,伊達郡飯野町,地区外-9556709,,
07309-3800-1.zip,202502070959,伊達郡飯野町,地区外-9556574,,
07309-3800-1.zip,202502070959,伊達郡飯野町,地区外-9556710,,
07309-3800-1.zip,202502070959,伊達郡飯野町,地区外-9556711,,
07309-3800-1.zip,202502070959,伊達郡飯野町,地区外-9556712,,
07309-3800-1.zip,202502070959,伊達郡飯野町,地区外-9556713,,
07309-3800-1.zip,202502070959,伊達郡飯野町,地区外-9556714,,
07309-3800-1.zip,202502070959,伊達郡飯野町,地区外-9556715,,
07309-3800-1.zip,202502070959,伊達郡飯野町,地区外-9556716,,
07309-3800-1.zip,202502070959,伊達郡飯野町,地区外-9556717,,
07309-3800-1.zip,202502070959,伊達郡飯野町,地区外-9556718,,
07309-3800-1.zip,202502070959,伊達郡飯野町,地区外-9556719,,
07309-3800-1.zip,202502070959,伊達郡飯野町,地区外-9556575,,
07309-3800-1.zip,202502070959,伊達郡飯野町,地区外-9556720,,
07309-3800-1.zip,202502070959,伊達郡飯野町,地区外-9556721,,
07309-3800-1.zip,202502070959,伊達郡飯野町,地区外-9556576,,
07309-3800-1.zip,202502070959,伊達郡飯野町,地区外-9556722,,
07309-3800-1.zip,202502070959,伊達郡飯野町,地区外-9556723,,
07309-3800-1.zip,202502070959,伊達郡飯野町,地区外-9556724,,
07309-3800-1.zip,202502070959,伊達郡飯野町,地区外-9556725,,
07309-3800-1.zip,202502070959,伊達郡飯野町,地区外-9556726,,
07309-3800-1.zip,202502070959,伊達郡飯野町,地区外-9556577,,
07309-3800-1.zip,202502070959,伊達郡飯野町,地区外-9556727,,
07309-3800-1.zip,202502070959,伊達郡飯野町,地区外-9556728,,
07309-3800-1.zip,202502070959,伊達郡飯野町,地区外-9556578,,
07309-3800-1.zip,202502070959,伊達郡飯野町,地区外-9556729,,
07309-3800-1.zip,202502070959,伊達郡飯野町,地区外-9556730,,
07309-3800-1.zip,202502070959,伊達郡飯野町,地区外-9556731,,
07309-3800-1.zip,202502070959,伊達郡飯野町,地区外-9556732,,
07309-3800-1.zip,202502070959,伊達郡飯野町,地区外-9556579,,
07309-3800-1.zip,202502070959,伊達郡飯野町,地区外-9556733,,
07309-3800-1.zip,202502070959,伊達郡飯野町,地区外-9556580,,
07309-3800-1.zip,202502070959,伊達郡飯野町,地区外-9556734,,
07309-3800-1.zip,202502070959,伊達郡飯野町,地区外-9556735,,
07309-3800-1.zip,202502070959,伊達郡飯野町,地区外-9556736,,
07309-3800-1.zip,202502070959,伊達郡飯野町,地区外-9556737,,
07309-3800-1.zip,202502070959,伊達郡飯野町,地区外-9556738,,
07309-3800-1.zip,202502070959,伊達郡飯野町,地区外-9556739,,
07309-3800-1.zip,202502070959,伊達郡飯野町,地区外-9556740,,
07309-3800-1.zip,202502070959,伊達郡飯野町,地区外-9556741,,
07309-3800-1.zip,202502070959,伊達郡飯野町,地区外-9556742,,
07309-3800-1.zip,202502070959,伊達郡飯野町,地区外-9556581,,
07309-3800-1.zip,202502070959,伊達郡飯野町,地区外-9556743,,
07309-3800-1.zip,202502070959,伊達郡飯野町,地区外-9556744,,
07309-3800-1.zip,202502070959,伊達郡飯野町,地区外-9556582,,
07309-3800-1.zip,202502070959,伊達郡飯野町,地区外-9556745,,
07309-3800-1.zip,202502070959,伊達郡飯野町,地区外-9556746,,
07309-3800-1.zip,202502070959,伊達郡飯野町,地区外-9556747,,
07309-3800-1.zip,202502070959,伊達郡飯野町,地区外-9556583,,
07309-3800-1.zip,202502070959,伊達郡飯野町,地区外-9556584,,
07309-3800-1.zip,202502070959,伊達郡飯野町,地区外-9556748,,
07309-3800-1.zip,202502070959,伊達郡飯野町,地区外-9556585,,
07309-3800-1.zip,202502070959,伊達郡飯野町,地区外-9556749,,
07309-3800-1.zip,202502070959,伊達郡飯野町,地区外-9556750,,
07309-3800-1.zip,202502070959,伊達郡飯野町,地区外-9556751,,
07309-3800-1.zip,202502070959,伊達郡飯野町,地区外-9556752,,
07309-3800-1.zip,202502070959,伊達郡飯野町,地区外-9556586,,
07309-3800-1.zip,202502070959,伊達郡飯野町,地区外-9556587,,
07309-3800-1.zip,202502070959,伊達郡飯野町,地区外-9556588,,
07309-3800-1.zip,202502070959,伊達郡飯野町,地区外-9556753,,
07309-3800-1.zip,202502070959,伊達郡飯野町,地区外-9556589,,
07309-3800-1.zip,202502070959,伊達郡飯野町,地区外-9556590,,
07309-3800-1.zip,202502070959,伊達郡飯野町,地区外-9556591,,
07309-3800-1.zip,202502070959,伊達郡飯野町,地区外-9556592,,
07309-3800-1.zip,202502070959,伊達郡飯野町,地区外-9556593,,
07309-3800-1.zip,202502070959,伊達郡飯野町,地区外-9556594,,
07309-3800-1.zip,202502070959,伊達郡飯野町,地区外-9556595,,
07309-3800-1.zip,202502070959,伊達郡飯野町,地区外-9556596,,
07309-3800-1.zip,202502070959,伊達郡飯野町,地区外-9556597,,
07309-3800-1.zip,202502070959,伊達郡飯野町,地区外-9556598,,
07309-3800-1.zip,202502070959,伊達郡飯野町,地区外-9556599,,
07309-3800-1.zip,202502070959,伊達郡飯野町,地区外-9556600,,
07309-3800-1.zip,202502070959,伊達郡飯野町,地区外-9556601,,
07309-3800-1.zip,202502070959,伊達郡飯野町,地区外-9556602,,
07309-3800-1.zip,202502070959,伊達郡飯野町,地区外-9556603,,
07309-3800-1.zip,202502070959,伊達郡飯野町,地区外-9556604,,
07309-3800-1.zip,202502070959,伊達郡飯野町,地区外-9556605,,
07309-3800-1.zip,202502070959,伊達郡飯野町,地区外-9556606,,
07309-3800-1.zip,202502070959,伊達郡飯野町,地区外-9556607,,
07309-3800-1.zip,202502070959,伊達郡飯野町,地区外-9556608,,
07309-3800-1.zip,202502070959,伊達郡飯野町,地区外-9556609,,
07309-3800-1.zip,202502070959,伊達郡飯野町,地区外-9556610,,
07309-3800-1.zip,202502070959,伊達郡飯野町,地区外-9556611,,
07309-3800-1.zip,202502070959,伊達郡飯野町,地区外-9556612,,
07309-3800-1.zip,202502070959,伊達郡飯野町,地区外-9556613,,
07309-3800-1.zip,202502070959,伊達郡飯野町,地区外-9556614,,
07309-3800-1.zip,202502070959,伊達郡飯野町,地区外-9556615,,
07309-3800-1.zip,202502070959,伊達郡飯野町,地区外-9556616,,
07309-3800-1.zip,202502070959,伊達郡飯野町,地区外-9556617,,
07309-3800-1.zip,202502070959,伊達郡飯野町,地区外-9556618,,
07309-3800-1.zip,202502070959,伊達郡飯野町,地区外-9556619,,
07309-3800-1.zip,202502070959,伊達郡飯野町,地区外-9556620,,
07309-3800-1.zip,202502070959,伊達郡飯野町,地区外-9556621,,
07309-3800-1.zip,202502070959,伊達郡飯野町,地区外-9556622,,
07309-3800-1.zip,202502070959,伊達郡飯野町,地区外-9556623,,
07309-3800-1.zip,202502070959,伊達郡飯野町,地区外-9556624,,
07309-3800-1.zip,202502070959,伊達郡飯野町,地区外-9556625,,
07309-3800-1.zip,202502070959,伊達郡飯野町,地区外-9556626,,
07309-3800-1.zip,202502070959,伊達郡飯野町,地区外-9556627,,
07309-3800-1.zip,202502070959,伊達郡飯野町,地区外-9556628,,
07309-3800-1.zip,202502070959,伊達郡飯野町,地区外-9556629,,
07309-3800-1.zip,202502070959,伊達郡飯野町,地区外-9556630,,
07309-3800-1.zip,202502070959,伊達郡飯野町,地区外-9556631,,
07309-3800-1.zip,202502070959,伊達郡飯野町,地区外-9556632,,
07309-3800-1.zip,202502070959,伊達郡飯野町,地区外-9556633,,
07309-3800-1.zip,202502070959,伊達郡飯野町,地区外-9556634,,
07309-3800-1.zip,202502070959,伊達郡飯野町,地区外-9556635,,
07309-3800-1.zip,202502070959,伊達郡飯野町,地区外-9556636,,
07309-3800-1.zip,202502070959,伊達郡飯野町,地区外-9556637,,
07309-3800-1.zip,202502070959,伊達郡飯野町,地区外-9556638,,
07309-3800-1.zip,202502070959,伊達郡飯野町,地区外-9556639,,
07309-3800-1.zip,202502070959,伊達郡飯野町,地区外-9556640,,
07309-3800-1.zip,202502070959,伊達郡飯野町,地区外-9556641,,
07309-3800-1.zip,202502070959,伊達郡飯野町,地区外-9556642,,
07309-3800-1.zip,202502070959,伊達郡飯野町,地区外-9556643,,
07309-3800-1.zip,202502070959,伊達郡飯野町,地区外-9556644,,
07309-3800-1.zip,202502070959,伊達郡飯野町,地区外-9556645,,
07309-3800-1.zip,202502070959,伊達郡飯野町,地区外-9556646,,
07309-3800-1.zip,202502070959,伊達郡飯野町,地区外-9556647,,
07309-3800-1.zip,202502070959,伊達郡飯野町,地区外-9556648,,
07309-3800-1.zip,202502070959,伊達郡飯野町,地区外-9556649,,
07309-3800-1.zip,202502070959,伊達郡飯野町,地区外-9556650,,
07309-3800-1.zip,202502070959,伊達郡飯野町,地区外-9556651,,
07309-3800-1.zip,202502070959,伊達郡飯野町,地区外-9556652,,
07309-3800-1.zip,202502070959,伊達郡飯野町,地区外-9556653,,
07309-3800-1.zip,202502070959,伊達郡飯野町,地区外-9556654,,
07309-3800-1.zip,202502070959,伊達郡飯野町,地区外-9556655,,
07309-3800-1.zip,202502070959,伊達郡飯野町,地区外-9556656,,
07309-3800-1.zip,202502070959,伊達郡飯野町,地区外-9556657,,
07309-3800-1.zip,202502070959,伊達郡飯野町,地区外-9556658,,
07309-3800-1.zip,202502070959,伊達郡飯野町,地区外-9556659,,
07309-3800-1.zip,202502070959,伊達郡飯野町,地区外-9556660,,
07309-3800-1.zip,202502070959,伊達郡飯野町,地区外-9556661,,
07309-3800-1.zip,202502070959,伊達郡飯野町,地区外-9556662,,
07309-3800-1.zip,202502070959,伊達郡飯野町,地区外-9556663,,
07309-3800-1.zip,202502070959,伊達郡飯野町,地区外-9556664,,
07309-3800-1.zip,202502070959,伊達郡飯野町,地区外-9556665,,
07309-3800-1.zip,202502070959,伊達郡飯野町,地区外-9556666,,
07309-3800-1.zip,202502070959,伊達郡飯野町,地区外-9556667,,
07309-3800-1.zip,202502070959,伊達郡飯野町,地区外-9556668,,
07309-3800-1.zip,202502070959,伊達郡飯野町,地区外-9556669,,
07309-3800-1.zip,202502070959,伊達郡飯野町,地区外-9556670,,
07309-3800-1.zip,202502070959,伊達郡飯野町,地区外-9556671,,
07309-3800-1.zip,202502070959,伊達郡飯野町,地区外-9556672,,
07309-3800-1.zip,202502070959,伊達郡飯野町,地区外-9556673,,
07309-3800-1.zip,202502070959,伊達郡飯野町,地区外-9556674,,
07309-3800-1.zip,202502070959,伊達郡飯野町,地区外-9556675,,
07309-3800-1.zip,202502070959,伊達郡飯野町,地区外-9556676,,
07309-3800-1.zip,202502070959,伊達郡飯野町,地区外-9556677,,
07309-3800-1.zip,202502070959,伊達郡飯野町,地区外-9556678,,
07309-3800-1.zip,202502070959,伊達郡飯野町,地区外-9556679,,
07309-3800-1.zip,202502070959,伊達郡飯野町,地区外-9556680,,
07309-3800-1.zip,202502070959,伊達郡飯野町,地区外-9556681,,
07309-3800-1.zip,202502070959,伊達郡飯野町,地区外-9556682,,
07309-3800-1.zip,202502070959,伊達郡飯野町,地区外-9556683,,
07309-3800-2.zip,202502070959,伊達郡飯野町,地区外-9595803,,
07309-3800-2.zip,202502070959,伊達郡飯野町,地区外-9595779,,
07309-3800-2.zip,202502070959,伊達郡飯野町,地区外-9595804,,
07309-3800-2.zip,202502070959,伊達郡飯野町,地区外-9595805,,
07309-3800-2.zip,202502070959,伊達郡飯野町,地区外-9595806,,
07309-3800-2.zip,202502070959,伊達郡飯野町,地区外-9595780,,
07309-3800-2.zip,202502070959,伊達郡飯野町,地区外-9595807,,
07309-3800-2.zip,202502070959,伊達郡飯野町,地区外-9595808,,
07309-3800-2.zip,202502070959,伊達郡飯野町,地区外-9595781,,
07309-3800-2.zip,202502070959,伊達郡飯野町,地区外-9595782,,
07309-3800-2.zip,202502070959,伊達郡飯野町,地区外-9595809,,
07309-3800-2.zip,202502070959,伊達郡飯野町,地区外-9595810,,
07309-3800-2.zip,202502070959,伊達郡飯野町,地区外-9595811,,
07309-3800-2.zip,202502070959,伊達郡飯野町,地区外-9595812,,
07309-3800-2.zip,202502070959,伊達郡飯野町,地区外-9595783,,
07309-3800-2.zip,202502070959,伊達郡飯野町,地区外-9595784,,
07309-3800-2.zip,202502070959,伊達郡飯野町,地区外-9595813,,
07309-3800-2.zip,202502070959,伊達郡飯野町,地区外-9595785,,
07309-3800-2.zip,202502070959,伊達郡飯野町,地区外-9595786,,
07309-3800-2.zip,202502070959,伊達郡飯野町,地区外-9595787,,
07309-3800-2.zip,202502070959,伊達郡飯野町,地区外-9595788,,
07309-3800-2.zip,202502070959,伊達郡飯野町,地区外-9595789,,
07309-3800-2.zip,202502070959,伊達郡飯野町,地区外-9595790,,
07309-3800-2.zip,202502070959,伊達郡飯野町,地区外-9595791,,
07309-3800-2.zip,202502070959,伊達郡飯野町,地区外-9595814,,
07309-3800-2.zip,202502070959,伊達郡飯野町,地区外-9595815,,
07309-3800-2.zip,202502070959,伊達郡飯野町,地区外-9595816,,
07309-3800-2.zip,202502070959,伊達郡飯野町,地区外-9595817,,
07309-3800-2.zip,202502070959,伊達郡飯野町,地区外-9595818,,
07309-3800-2.zip,202502070959,伊達郡飯野町,地区外-9595819,,
07309-3800-2.zip,202502070959,伊達郡飯野町,地区外-9595820,,
07309-3800-2.zip,202502070959,伊達郡飯野町,地区外-9595821,,
07309-3800-2.zip,202502070959,伊達郡飯野町,地区外-9595822,,
07309-3800-2.zip,202502070959,伊達郡飯野町,地区外-9595823,,
07309-3800-2.zip,202502070959,伊達郡飯野町,地区外-9595792,,
07309-3800-2.zip,202502070959,伊達郡飯野町,地区外-9595824,,
07309-3800-2.zip,202502070959,伊達郡飯野町,地区外-9595793,,
07309-3800-2.zip,202502070959,伊達郡飯野町,地区外-9595825,,
07309-3800-2.zip,202502070959,伊達郡飯野町,地区外-9595826,,
07309-3800-2.zip,202502070959,伊達郡飯野町,地区外-9595794,,
07309-3800-2.zip,202502070959,伊達郡飯野町,地区外-9595827,,
07309-3800-2.zip,202502070959,伊達郡飯野町,地区外-9595828,,
07309-3800-2.zip,202502070959,伊達郡飯野町,地区外-9595829,,
07309-3800-2.zip,202502070959,伊達郡飯野町,地区外-9595830,,
07309-3800-2.zip,202502070959,伊達郡飯野町,地区外-9595831,,
07309-3800-2.zip,202502070959,伊達郡飯野町,地区外-9595832,,
07309-3800-2.zip,202502070959,伊達郡飯野町,地区外-9595795,,
07309-3800-2.zip,202502070959,伊達郡飯野町,地区外-9595833,,
07309-3800-2.zip,202502070959,伊達郡飯野町,地区外-9595834,,
07309-3800-2.zip,202502070959,伊達郡飯野町,地区外-9595835,,
07309-3800-2.zip,202502070959,伊達郡飯野町,地区外-9595796,,
07309-3800-2.zip,202502070959,伊達郡飯野町,地区外-9595836,,
07309-3800-2.zip,202502070959,伊達郡飯野町,地区外-9595837,,
07309-3800-2.zip,202502070959,伊達郡飯野町,地区外-9595838,,
07309-3800-2.zip,202502070959,伊達郡飯野町,地区外-9595839,,
07309-3800-2.zip,202502070959,伊達郡飯野町,地区外-9595840,,
07309-3800-2.zip,202502070959,伊達郡飯野町,地区外-9595841,,
07309-3800-2.zip,202502070959,伊達郡飯野町,地区外-9595842,,
07309-3800-2.zip,202502070959,伊達郡飯野町,地区外-9595843,,
07309-3800-2.zip,202502070959,伊達郡飯野町,地区外-9595844,,
07309-3800-2.zip,202502070959,伊達郡飯野町,地区外-9595845,,
07309-3800-2.zip,202502070959,伊達郡飯野町,地区外-9595846,,
07309-3800-2.zip,202502070959,伊達郡飯野町,地区外-9595847,,
07309-3800-2.zip,202502070959,伊達郡飯野町,地区外-9595848,,
07309-3800-2.zip,202502070959,伊達郡飯野町,地区外-9595797,,
07309-3800-2.zip,202502070959,伊達郡飯野町,地区外-9595849,,
07309-3800-2.zip,202502070959,伊達郡飯野町,地区外-9595798,,
07309-3800-2.zip,202502070959,伊達郡飯野町,地区外-9595799,,
07309-3800-2.zip,202502070959,伊達郡飯野町,地区外-9595850,,
07309-3800-2.zip,202502070959,伊達郡飯野町,地区外-9595851,,
07309-3800-2.zip,202502070959,伊達郡飯野町,地区外-9595852,,
07309-3800-2.zip,202502070959,伊達郡飯野町,地区外-9595853,,
07309-3800-2.zip,202502070959,伊達郡飯野町,地区外-9595854,,
07309-3800-2.zip,202502070959,伊達郡飯野町,地区外-9595800,,
07309-3800-2.zip,202502070959,伊達郡飯野町,地区外-9595855,,
07309-3800-2.zip,202502070959,伊達郡飯野町,地区外-9595801,,
07309-3800-2.zip,202502070959,伊達郡飯野町,地区外-9595856,,
07309-3800-2.zip,202502070959,伊達郡飯野町,地区外-9595857,,
07309-3800-2.zip,202502070959,伊達郡飯野町,地区外-9595858,,
07309-3800-2.zip,202502070959,伊達郡飯野町,地区外-9595859,,
07309-3800-2.zip,202502070959,伊達郡飯野町,地区外-9595860,,
07309-3800-2.zip,202502070959,伊達郡飯野町,地区外-9595802,,
07309-3800-2.zip,202502070959,伊達郡飯野町,地区外-9595861,,
07309-3800-2.zip,202502070959,伊達郡飯野町,地区外-9595862,,
07309-3800-2.zip,202502070959,伊達郡飯野町,地区外-9595863,,
07309-3800-3.zip,202502070959,伊達郡飯野町,地区外-9624434,,
07309-3800-3.zip,202502070959,伊達郡飯野町,地区外-9624435,,
07309-3800-3.zip,202502070959,伊達郡飯野町,地区外-9624410,,
07309-3800-3.zip,202502070959,伊達郡飯野町,地区外-9624436,,
07309-3800-3.zip,202502070959,伊達郡飯野町,地区外-9624411,,
07309-3800-3.zip,202502070959,伊達郡飯野町,地区外-9624437,,
07309-3800-3.zip,202502070959,伊達郡飯野町,地区外-9624438,,
07309-3800-3.zip,202502070959,伊達郡飯野町,地区外-9624439,,
07309-3800-3.zip,202502070959,伊達郡飯野町,地区外-9624440,,
07309-3800-3.zip,202502070959,伊達郡飯野町,地区外-9624412,,
07309-3800-3.zip,202502070959,伊達郡飯野町,地区外-9624441,,
07309-3800-3.zip,202502070959,伊達郡飯野町,地区外-9624442,,
07309-3800-3.zip,202502070959,伊達郡飯野町,地区外-9624443,,
07309-3800-3.zip,202502070959,伊達郡飯野町,地区外-9624413,,
07309-3800-3.zip,202502070959,伊達郡飯野町,地区外-9624444,,
07309-3800-3.zip,202502070959,伊達郡飯野町,地区外-9624445,,
07309-3800-3.zip,202502070959,伊達郡飯野町,地区外-9624446,,
07309-3800-3.zip,202502070959,伊達郡飯野町,地区外-9624447,,
07309-3800-3.zip,202502070959,伊達郡飯野町,地区外-9624448,,
07309-3800-3.zip,202502070959,伊達郡飯野町,地区外-9624449,,
07309-3800-3.zip,202502070959,伊達郡飯野町,地区外-9624450,,
07309-3800-3.zip,202502070959,伊達郡飯野町,地区外-9624451,,
07309-3800-3.zip,202502070959,伊達郡飯野町,地区外-9624452,,
07309-3800-3.zip,202502070959,伊達郡飯野町,地区外-9624453,,
07309-3800-3.zip,202502070959,伊達郡飯野町,地区外-9624454,,
07309-3800-3.zip,202502070959,伊達郡飯野町,地区外-9624414,,
07309-3800-3.zip,202502070959,伊達郡飯野町,地区外-9624415,,
07309-3800-3.zip,202502070959,伊達郡飯野町,地区外-9624455,,
07309-3800-3.zip,202502070959,伊達郡飯野町,地区外-9624456,,
07309-3800-3.zip,202502070959,伊達郡飯野町,地区外-9624416,,
07309-3800-3.zip,202502070959,伊達郡飯野町,地区外-9624457,,
07309-3800-3.zip,202502070959,伊達郡飯野町,地区外-9624458,,
07309-3800-3.zip,202502070959,伊達郡飯野町,地区外-9624417,,
07309-3800-3.zip,202502070959,伊達郡飯野町,地区外-9624418,,
07309-3800-3.zip,202502070959,伊達郡飯野町,地区外-9624459,,
07309-3800-3.zip,202502070959,伊達郡飯野町,地区外-9624419,,
07309-3800-3.zip,202502070959,伊達郡飯野町,地区外-9624460,,
07309-3800-3.zip,202502070959,伊達郡飯野町,地区外-9624461,,
07309-3800-3.zip,202502070959,伊達郡飯野町,地区外-9624462,,
07309-3800-3.zip,202502070959,伊達郡飯野町,地区外-9624463,,
07309-3800-3.zip,202502070959,伊達郡飯野町,地区外-9624464,,
07309-3800-3.zip,202502070959,伊達郡飯野町,地区外-9624465,,
07309-3800-3.zip,202502070959,伊達郡飯野町,地区外-9624466,,
07309-3800-3.zip,202502070959,伊達郡飯野町,地区外-9624467,,
07309-3800-3.zip,202502070959,伊達郡飯野町,地区外-9624468,,
07309-3800-3.zip,202502070959,伊達郡飯野町,地区外-9624469,,
07309-3800-3.zip,202502070959,伊達郡飯野町,地区外-9624470,,
07309-3800-3.zip,202502070959,伊達郡飯野町,地区外-9624420,,
07309-3800-3.zip,202502070959,伊達郡飯野町,地区外-9624421,,
07309-3800-3.zip,202502070959,伊達郡飯野町,地区外-9624422,,
07309-3800-3.zip,202502070959,伊達郡飯野町,地区外-9624471,,
07309-3800-3.zip,202502070959,伊達郡飯野町,地区外-9624472,,
07309-3800-3.zip,202502070959,伊達郡飯野町,地区外-9624473,,
07309-3800-3.zip,202502070959,伊達郡飯野町,地区外-9624474,,
07309-3800-3.zip,202502070959,伊達郡飯野町,地区外-9624475,,
07309-3800-3.zip,202502070959,伊達郡飯野町,地区外-9624476,,
07309-3800-3.zip,202502070959,伊達郡飯野町,地区外-9624423,,
07309-3800-3.zip,202502070959,伊達郡飯野町,地区外-9624477,,
07309-3800-3.zip,202502070959,伊達郡飯野町,地区外-9624424,,
07309-3800-3.zip,202502070959,伊達郡飯野町,地区外-9624478,,
07309-3800-3.zip,202502070959,伊達郡飯野町,地区外-9624425,,
07309-3800-3.zip,202502070959,伊達郡飯野町,地区外-9624479,,
07309-3800-3.zip,202502070959,伊達郡飯野町,地区外-9624426,,
07309-3800-3.zip,202502070959,伊達郡飯野町,地区外-9624480,,
07309-3800-3.zip,202502070959,伊達郡飯野町,地区外-9624481,,
07309-3800-3.zip,202502070959,伊達郡飯野町,地区外-9624482,,
07309-3800-3.zip,202502070959,伊達郡飯野町,地区外-9624483,,
07309-3800-3.zip,202502070959,伊達郡飯野町,地区外-9624484,,
07309-3800-3.zip,202502070959,伊達郡飯野町,地区外-9624485,,
07309-3800-3.zip,202502070959,伊達郡飯野町,地区外-9624427,,
07309-3800-3.zip,202502070959,伊達郡飯野町,地区外-9624486,,
07309-3800-3.zip,202502070959,伊達郡飯野町,地区外-9624487,,
07309-3800-3.zip,202502070959,伊達郡飯野町,地区外-9624428,,
07309-3800-3.zip,202502070959,伊達郡飯野町,地区外-9624488,,
07309-3800-3.zip,202502070959,伊達郡飯野町,地区外-9624489,,
07309-3800-3.zip,202502070959,伊達郡飯野町,地区外-9624490,,
07309-3800-3.zip,202502070959,伊達郡飯野町,地区外-9624491,,
07309-3800-3.zip,202502070959,伊達郡飯野町,地区外-9624492,,
07309-3800-3.zip,202502070959,伊達郡飯野町,地区外-9624493,,
07309-3800-3.zip,202502070959,伊達郡飯野町,地区外-9624494,,
07309-3800-3.zip,202502070959,伊達郡飯野町,地区外-9624429,,
07309-3800-3.zip,202502070959,伊達郡飯野町,地区外-9624495,,
07309-3800-3.zip,202502070959,伊達郡飯野町,地区外-9624430,,
07309-3800-3.zip,202502070959,伊達郡飯野町,地区外-9624496,,
07309-3800-3.zip,202502070959,伊達郡飯野町,地区外-9624431,,
07309-3800-3.zip,202502070959,伊達郡飯野町,地区外-9624432,,
07309-3800-3.zip,202502070959,伊達郡飯野町,地区外-9624497,,
07309-3800-3.zip,202502070959,伊達郡飯野町,地区外-9624498,,
07309-3800-3.zip,202502070959,伊達郡飯野町,地区外-9624499,,
07309-3800-3.zip,202502070959,伊達郡飯野町,地区外-9624433,,
07309-3800-4.zip,202502070959,伊達郡飯野町,地区外-9651889,,
07309-3800-4.zip,202502070959,伊達郡飯野町,地区外-9651890,,
07309-3800-4.zip,202502070959,伊達郡飯野町,地区外-9651891,,
07309-3800-4.zip,202502070959,伊達郡飯野町,地区外-9651892,,
07309-3800-4.zip,202502070959,伊達郡飯野町,地区外-9651893,,
07309-3800-4.zip,202502070959,伊達郡飯野町,地区外-9651894,,
07309-3800-4.zip,202502070959,伊達郡飯野町,地区外-9651867,,
07309-3800-4.zip,202502070959,伊達郡飯野町,地区外-9651868,,
07309-3800-4.zip,202502070959,伊達郡飯野町,地区外-9651895,,
07309-3800-4.zip,202502070959,伊達郡飯野町,地区外-9651896,,
07309-3800-4.zip,202502070959,伊達郡飯野町,地区外-9651897,,
07309-3800-4.zip,202502070959,伊達郡飯野町,地区外-9651869,,
07309-3800-4.zip,202502070959,伊達郡飯野町,地区外-9651898,,
07309-3800-4.zip,202502070959,伊達郡飯野町,地区外-9651899,,
07309-3800-4.zip,202502070959,伊達郡飯野町,地区外-9651900,,
07309-3800-4.zip,202502070959,伊達郡飯野町,地区外-9651901,,
07309-3800-4.zip,202502070959,伊達郡飯野町,地区外-9651870,,
07309-3800-4.zip,202502070959,伊達郡飯野町,地区外-9651902,,
07309-3800-4.zip,202502070959,伊達郡飯野町,地区外-9651903,,
07309-3800-4.zip,202502070959,伊達郡飯野町,地区外-9651904,,
07309-3800-4.zip,202502070959,伊達郡飯野町,地区外-9651905,,
07309-3800-4.zip,202502070959,伊達郡飯野町,地区外-9651906,,
07309-3800-4.zip,202502070959,伊達郡飯野町,地区外-9651907,,
07309-3800-4.zip,202502070959,伊達郡飯野町,地区外-9651909,,
07309-3800-4.zip,202502070959,伊達郡飯野町,地区外-9651908,,
07309-3800-4.zip,202502070959,伊達郡飯野町,地区外-9651910,,
07309-3800-4.zip,202502070959,伊達郡飯野町,地区外-9651911,,
07309-3800-4.zip,202502070959,伊達郡飯野町,地区外-9651871,,
07309-3800-4.zip,202502070959,伊達郡飯野町,地区外-9651912,,
07309-3800-4.zip,202502070959,伊達郡飯野町,地区外-9651872,,
07309-3800-4.zip,202502070959,伊達郡飯野町,地区外-9651913,,
07309-3800-4.zip,202502070959,伊達郡飯野町,地区外-9651914,,
07309-3800-4.zip,202502070959,伊達郡飯野町,地区外-9651915,,
07309-3800-4.zip,202502070959,伊達郡飯野町,地区外-9651916,,
07309-3800-4.zip,202502070959,伊達郡飯野町,地区外-9651917,,
07309-3800-4.zip,202502070959,伊達郡飯野町,地区外-9651918,,
07309-3800-4.zip,202502070959,伊達郡飯野町,地区外-9651873,,
07309-3800-4.zip,202502070959,伊達郡飯野町,地区外-9651874,,
07309-3800-4.zip,202502070959,伊達郡飯野町,地区外-9651919,,
07309-3800-4.zip,202502070959,伊達郡飯野町,地区外-9651875,,
07309-3800-4.zip,202502070959,伊達郡飯野町,地区外-9651876,,
07309-3800-4.zip,202502070959,伊達郡飯野町,地区外-9651920,,
07309-3800-4.zip,202502070959,伊達郡飯野町,地区外-9651877,,
07309-3800-4.zip,202502070959,伊達郡飯野町,地区外-9651878,,
07309-3800-4.zip,202502070959,伊達郡飯野町,地区外-9651921,,
07309-3800-4.zip,202502070959,伊達郡飯野町,地区外-9651922,,
07309-3800-4.zip,202502070959,伊達郡飯野町,地区外-9651923,,
07309-3800-4.zip,202502070959,伊達郡飯野町,地区外-9651924,,
07309-3800-4.zip,202502070959,伊達郡飯野町,地区外-9651925,,
07309-3800-4.zip,202502070959,伊達郡飯野町,地区外-9651926,,
07309-3800-4.zip,202502070959,伊達郡飯野町,地区外-9651927,,
07309-3800-4.zip,202502070959,伊達郡飯野町,地区外-9651879,,
07309-3800-4.zip,202502070959,伊達郡飯野町,地区外-9651880,,
07309-3800-4.zip,202502070959,伊達郡飯野町,地区外-9651928,,
07309-3800-4.zip,202502070959,伊達郡飯野町,地区外-9651881,,
07309-3800-4.zip,202502070959,伊達郡飯野町,地区外-9651929,,
07309-3800-4.zip,202502070959,伊達郡飯野町,地区外-9651882,,
07309-3800-4.zip,202502070959,伊達郡飯野町,地区外-9651930,,
07309-3800-4.zip,202502070959,伊達郡飯野町,地区外-9651931,,
07309-3800-4.zip,202502070959,伊達郡飯野町,地区外-9651932,,
07309-3800-4.zip,202502070959,伊達郡飯野町,地区外-9651933,,
07309-3800-4.zip,202502070959,伊達郡飯野町,地区外-9651934,,
07309-3800-4.zip,202502070959,伊達郡飯野町,地区外-9651883,,
07309-3800-4.zip,202502070959,伊達郡飯野町,地区外-9651935,,
07309-3800-4.zip,202502070959,伊達郡飯野町,地区外-9651884,,
07309-3800-4.zip,202502070959,伊達郡飯野町,地区外-9651936,,
07309-3800-4.zip,202502070959,伊達郡飯野町,地区外-9651937,,
07309-3800-4.zip,202502070959,伊達郡飯野町,地区外-9651885,,
07309-3800-4.zip,202502070959,伊達郡飯野町,地区外-9651938,,
07309-3800-4.zip,202502070959,伊達郡飯野町,地区外-9651886,,
07309-3800-4.zip,202502070959,伊達郡飯野町,地区外-9651939,,
07309-3800-4.zip,202502070959,伊達郡飯野町,地区外-9651940,,
07309-3800-4.zip,202502070959,伊達郡飯野町,地区外-9651941,,
07309-3800-4.zip,202502070959,伊達郡飯野町,地区外-9651887,,
07309-3800-4.zip,202502070959,伊達郡飯野町,地区外-9651942,,
07309-3800-4.zip,202502070959,伊達郡飯野町,地区外-9651943,,
07309-3800-4.zip,202502070959,伊達郡飯野町,地区外-9651888,,
